Region,AMY_2022,AMY_2023,CWEC_2020,PCIC_2020,PCIC_2050,PCIC_2080
Saguenay-Lac-Saint-Jean,bagotville_2022-01-01_000005.epw,bagotville_2023-01-01_000005.epw,CAN_QC_BAGOTVILLE-A_7060400_CWEC.epw,2020s_CAN_QC_Saguenay-Bagotville.AP-CFB.Bagotville.717270_CWEC2016.epw,2050s_CAN_QC_Saguenay-Bagotville.AP-CFB.Bagotville.717270_CWEC2016.epw,2080s_CAN_QC_Saguenay-Bagotville.AP-CFB.Bagotville.717270_CWEC2016.epw
Chaudière-Appalaches,beauceville_2022-01-01_000005.epw,beauceville_2023-01-01_000005.epw,CAN_QC_BEAUCEVILLE_7028754_CWEC.epw,2020s_CAN_QC_Beauceville.713230_CWEC2016.epw,2050s_CAN_QC_Beauceville.713230_CWEC2016.epw,2080s_CAN_QC_Beauceville.713230_CWEC2016.epw
Nord-du-Québec,chibougamau-chapais_2022-01-01_000005.epw,chibougamau-chapais_2023-01-01_000005.epw,CAN_QC_CHAPAIS_7091299_CWEC.epw,2020s_CAN_QC_Chapais.718240_CWEC2016.epw,2050s_CAN_QC_Chapais.718240_CWEC2016.epw,2080s_CAN_QC_Chapais.718240_CWEC2016.epw
Gaspésie-Îles-de-la-Madeleine,gaspe_2022-01-01_000005.epw,gaspe_2023-01-01_000005.epw,CAN_QC_GASPE-A_7052601_CWEC.epw,2020s_CAN_QC_Gaspe.AP.711880_CWEC2016.epw,2050s_CAN_QC_Gaspe.AP.711880_CWEC2016.epw,2080s_CAN_QC_Gaspe.AP.711880_CWEC2016.epw
Montérégie,l'acadie_2022-01-01_000005.epw,l'acadie_2023-01-01_000005.epw,CAN_QC_L'ACADIE_702LED4_CWEC.epw,2020s_CAN_QC_L-Acadie.713720_CWEC2016.epw,2050s_CAN_QC_L-Acadie.713720_CWEC2016.epw,2080s_CAN_QC_L-Acadie.713720_CWEC2016.epw
Lanaudière,l'assomption_2022-01-01_000005.epw,l'assomption_2023-01-01_000005.epw,CAN_QC_L'ASSOMPTION_7014160_CWEC.epw,2020s_CAN_QC_L-Assompton.715240_CWEC2016.epw,2050s_CAN_QC_L-Assompton.715240_CWEC2016.epw,2080s_CAN_QC_L-Assompton.715240_CWEC2016.epw
Centre-du-Québec,lemieux_2022-01-01_000005.epw,lemieux_2023-01-01_000005.epw,CAN_QC_LEMIEUX_701Q009_CWEC.epw,2020s_CAN_QC_Lemieux.716160_CWEC2016.epw,2050s_CAN_QC_Lemieux.716160_CWEC2016.epw,2080s_CAN_QC_Lemieux.716160_CWEC2016.epw
Bas-Saint-Laurent,montjoli_2022-01-01_000005.epw,montjoli_2023-01-01_000005.epw,CAN_QC_POINTE-AU-PERE-(INRS)_7056068_CWEC.epw,2020s_CAN_QC_Pointe.au.Pere.715540_CWEC2016.epw,2050s_CAN_QC_Pointe.au.Pere.715540_CWEC2016.epw,2080s_CAN_QC_Pointe.au.Pere.715540_CWEC2016.epw
Laval,montreal(dorval)_2022-01-01_000005.epw,montreal(dorval)_2023-01-01_000005.epw,CAN_QC_MONTREAL-INTL-A_7025251_CWEC.epw,2020s_CAN_QC_Montreal-McTavish.716120_CWEC2016.epw,2050s_CAN_QC_Montreal-McTavish.716120_CWEC2016.epw,2080s_CAN_QC_Montreal-McTavish.716120_CWEC2016.epw
Montréal,montreal(dorval)_2022-01-01_000005.epw,montreal(dorval)_2023-01-01_000005.epw,CAN_QC_MONTREAL-INTL-A_7025251_CWEC.epw,2020s_CAN_QC_Montreal-McTavish.716120_CWEC2016.epw,2050s_CAN_QC_Montreal-McTavish.716120_CWEC2016.epw,2080s_CAN_QC_Montreal-McTavish.716120_CWEC2016.epw
Outaouais,ottawa_2022-01-01_000005.epw,ottawa_2023-01-01_000005.epw,CAN_QC_HIGH-FALLS_7033121_CWEC.epw,2020s_CAN_QC_High.Falls.713910_CWEC2016.epw,2050s_CAN_QC_High.Falls.713910_CWEC2016.epw,2080s_CAN_QC_High.Falls.713910_CWEC2016.epw
Capitale-Nationale,quebec_2022-01-01_000005.epw,quebec_2023-01-01_000005.epw,CAN_QC_QUEBEC-INTL-A_7016293_CWEC.epw,2020s_CAN_QC_Quebec-Lesage.Intl.AP.717140_CWEC2016.epw,2050s_CAN_QC_Quebec-Lesage.Intl.AP.717140_CWEC2016.epw,2080s_CAN_QC_Quebec-Lesage.Intl.AP.717140_CWEC2016.epw
Abitibi-Témiscamingue,rouyn(au7)_2022-01-01_000005.epw,rouyn(au7)_2023-01-01_000005.epw,CAN_QC_ROUYN-NORANDA-A_7086719_CWEC.epw,2020s_CAN_QC_Rouyn-Noranda.AP.717255_CWEC2016.epw,2050s_CAN_QC_Rouyn-Noranda.AP.717255_CWEC2016.epw,2080s_CAN_QC_Rouyn-Noranda.AP.717255_CWEC2016.epw
Côte-Nord,sept-iles_2022-01-01_000005.epw,sept-iles_2023-01-01_000005.epw,CAN_QC_SEPT-ILES-A_7047911_CWEC.epw,2020s_CAN_QC_Sept.Iles.AP.718110_CWEC2016.epw,2050s_CAN_QC_Sept.Iles.AP.718110_CWEC2016.epw,2080s_CAN_QC_Sept.Iles.AP.718110_CWEC2016.epw
Estrie,sherbrooke_2022-01-01_000005.epw,sherbrooke_2023-01-01_000005.epw,CAN_QC_LENNOXVILLE_7024280_CWEC.epw,2020s_CAN_QC_Lennoxville.716110_CWEC2016.epw,2050s_CAN_QC_Lennoxville.716110_CWEC2016.epw,2080s_CAN_QC_Lennoxville.716110_CWEC2016.epw
Laurentides,st-jovite_2022-01-01_000005.epw,st-jovite_2023-01-01_000005.epw,CAN_QC_ST-JOVITE_703GDKB_CWEC.epw,2020s_CAN_QC_St.Jovite.713760_CWEC2016.epw,2050s_CAN_QC_St.Jovite.713760_CWEC2016.epw,2080s_CAN_QC_St.Jovite.713760_CWEC2016.epw
Mauricie,troisrivieres_2022-01-01_000005.epw,troisrivieres_2023-01-01_000005.epw,CAN_QC_SHAWINIGAN_7018001_CWEC.epw,2020s_CAN_QC_Shawinigan.713700_CWEC2016.epw,2050s_CAN_QC_Shawinigan.713700_CWEC2016.epw,2080s_CAN_QC_Shawinigan.713700_CWEC2016.epw
DESCRIPTION,Fichier historique de l'année 2022,Fichier historique de l'année 2023,Fichier CWEC version 2020 (selction de 12 mois des 30 dernieres années),Fichier du Pacific Climate Impacs Consortium  (PCIC) utilisant CWEC version 2016 ajusté au changement climatique a scenario élevé émission pour la période 2020s (2011 à 2040),Fichier du Pacific Climate Impacs Consortium (PCIC) utilisant CWEC version 2016 ajusté au changement climatique a scenario élevé émission pour la période 2050s (2041 à 2070),Fichier du Pacific Climate Impacs Consortium  (PCIC) utilisant CWEC version 2016 ajusté au changement climatique a scenario élevé émission pour la période 2080s (2071 à 2100)
SOURCE,https://github.com/Archetype-QC/MeteoHistorique,https://github.com/Archetype-QC/MeteoHistorique,https://collaboration.cmc.ec.gc.ca/cmc/climate/Engineer_Climate/CWEC_FMCCE/,https://www.uvic.ca/pcic/data-analysis-tools/data-portal/weather-files/index.php,https://www.uvic.ca/pcic/data-analysis-tools/data-portal/weather-files/index.php,https://www.uvic.ca/pcic/data-analysis-tools/data-portal/weather-files/index.php